{"properties": [
  {
    "name": "ribbon.ConnectTimeout",
    "type": "java.lang.String",
    "description": "A description for 'ribbon.ConnectTimeout'"
  },
  {
    "name": "ribbon.ReadTimeout",
    "type": "java.lang.String",
    "description": "A description for 'ribbon.ReadTimeout'"
  },
  {
    "name": "robbon.eureka.enabled",
    "type": "java.lang.String",
    "description": "A description for 'robbon.eureka.enabled'"
  },
  {
    "name": "hystrix.command.default.execution.timeout.enabled",
    "type": "java.lang.String",
    "description": "A description for 'hystrix.command.default.execution.timeout.enabled'"
  }
]}